{"cameraMode":{"drawMode":0,"name":"Shaded","section":"Shading Mode"},"sceneLighting":false,"audioPlay":false,"sceneViewState":{"m_AlwaysRefresh":false,"showFog":true,"showSkybox":false,"showFlares":true,"showImageEffects":true,"showParticleSystems":true,"showVisualEffectGraphs":true,"m_FxEnabled":false},"in2DMode":false,"pivot":{"x":5.9805402755737309,"y":2.802225112915039,"z":25.63873291015625},"rotation":{"x":0.012145072221755982,"y":0.5805410146713257,"z":0.011407003737986088,"w":-0.8143303394317627},"size":1.812645673751831,"orthographic":false}