{"cameraMode":{"drawMode":0,"name":"Shaded","section":"Shading Mode"},"sceneLighting":false,"audioPlay":false,"sceneViewState":{"m_AlwaysRefresh":false,"showFog":true,"showSkybox":false,"showFlares":true,"showImageEffects":true,"showParticleSystems":true,"showVisualEffectGraphs":true,"m_FxEnabled":false},"in2DMode":false,"pivot":{"x":-20.494935989379884,"y":-3.522584915161133,"z":-14.889242172241211},"rotation":{"x":-0.014043519273400307,"y":0.9648411870002747,"z":-0.042808257043361667,"w":-0.25963592529296877},"size":24.909889221191408,"orthographic":false}